title,author,isbn,category,publisher,publishedYear,quantity,availableQuantity,language,description,coverImage
Programming Essentials Vol. 1,Author 1,9780000000001,Programming,TechPress,2000,3,3,English,An introductory book on programming.,https://via.placeholder.com/150?text=Book+1
AI & Machine Learning Essentials Vol. 2,Author 2,9780000000002,AI & Machine Learning,AI Publications,2001,4,4,English,An introductory book on ai & machine learning.,https://via.placeholder.com/150?text=Book+2
Data Science Essentials Vol. 3,Author 3,9780000000003,Data Science,Data Insights,2002,5,5,English,An introductory book on data science.,https://via.placeholder.com/150?text=Book+3
Web Development Essentials Vol. 4,Author 4,9780000000004,Web Development,Web House,2003,6,6,English,An introductory book on web development.,https://via.placeholder.com/150?text=Book+4
Database Essentials Vol. 5,Author 5,9780000000005,Database,DB World,2004,7,7,English,An introductory book on database.,https://via.placeholder.com/150?text=Book+5
Cyber Security Essentials Vol. 6,Author 6,9780000000006,Cyber Security,Secure Books,2005,8,8,English,An introductory book on cyber security.,https://via.placeholder.com/150?text=Book+6
Cloud Computing Essentials Vol. 7,Author 7,9780000000007,Cloud Computing,Cloud Press,2006,9,9,English,An introductory book on cloud computing.,https://via.placeholder.com/150?text=Book+7
Fiction Essentials Vol. 8,Author 8,9780000000008,Fiction,Novel House,2007,10,10,English,An introductory book on fiction.,https://via.placeholder.com/150?text=Book+8
History Essentials Vol. 9,Author 9,9780000000009,History,Heritage Press,2008,3,3,English,An introductory book on history.,https://via.placeholder.com/150?text=Book+9
Business Essentials Vol. 10,Author 10,9780000000010,Business,Business Media,2009,4,4,English,An introductory book on business.,https://via.placeholder.com/150?text=Book+10
Programming Essentials Vol. 11,Author 11,9780000000011,Programming,TechPress,2010,5,5,English,An introductory book on programming.,https://via.placeholder.com/150?text=Book+11
AI & Machine Learning Essentials Vol. 12,Author 12,9780000000012,AI & Machine Learning,AI Publications,2011,6,6,English,An introductory book on ai & machine learning.,https://via.placeholder.com/150?text=Book+12
Data Science Essentials Vol. 13,Author 13,9780000000013,Data Science,Data Insights,2012,7,7,English,An introductory book on data science.,https://via.placeholder.com/150?text=Book+13
Web Development Essentials Vol. 14,Author 14,9780000000014,Web Development,Web House,2013,8,8,English,An introductory book on web development.,https://via.placeholder.com/150?text=Book+14
Database Essentials Vol. 15,Author 15,9780000000015,Database,DB World,2014,9,9,English,An introductory book on database.,https://via.placeholder.com/150?text=Book+15
Cyber Security Essentials Vol. 16,Author 16,9780000000016,Cyber Security,Secure Books,2015,10,10,English,An introductory book on cyber security.,https://via.placeholder.com/150?text=Book+16
Cloud Computing Essentials Vol. 17,Author 17,9780000000017,Cloud Computing,Cloud Press,2016,3,3,English,An introductory book on cloud computing.,https://via.placeholder.com/150?text=Book+17
Fiction Essentials Vol. 18,Author 18,9780000000018,Fiction,Novel House,2017,4,4,English,An introductory book on fiction.,https://via.placeholder.com/150?text=Book+18
History Essentials Vol. 19,Author 19,9780000000019,History,Heritage Press,2018,5,5,English,An introductory book on history.,https://via.placeholder.com/150?text=Book+19
Business Essentials Vol. 20,Author 20,9780000000020,Business,Business Media,2019,6,6,English,An introductory book on business.,https://via.placeholder.com/150?text=Book+20
Programming Essentials Vol. 21,Author 21,9780000000021,Programming,TechPress,2020,7,7,English,An introductory book on programming.,https://via.placeholder.com/150?text=Book+21
AI & Machine Learning Essentials Vol. 22,Author 22,9780000000022,AI & Machine Learning,AI Publications,2021,8,8,English,An introductory book on ai & machine learning.,https://via.placeholder.com/150?text=Book+22
Data Science Essentials Vol. 23,Author 23,9780000000023,Data Science,Data Insights,2022,9,9,English,An introductory book on data science.,https://via.placeholder.com/150?text=Book+23
Web Development Essentials Vol. 24,Author 24,9780000000024,Web Development,Web House,2023,10,10,English,An introductory book on web development.,https://via.placeholder.com/150?text=Book+24
Database Essentials Vol. 25,Author 25,9780000000025,Database,DB World,2024,3,3,English,An introductory book on database.,https://via.placeholder.com/150?text=Book+25
Cyber Security Essentials Vol. 26,Author 26,9780000000026,Cyber Security,Secure Books,2000,4,4,English,An introductory book on cyber security.,https://via.placeholder.com/150?text=Book+26
Cloud Computing Essentials Vol. 27,Author 27,9780000000027,Cloud Computing,Cloud Press,2001,5,5,English,An introductory book on cloud computing.,https://via.placeholder.com/150?text=Book+27
Fiction Essentials Vol. 28,Author 28,9780000000028,Fiction,Novel House,2002,6,6,English,An introductory book on fiction.,https://via.placeholder.com/150?text=Book+28
History Essentials Vol. 29,Author 29,9780000000029,History,Heritage Press,2003,7,7,English,An introductory book on history.,https://via.placeholder.com/150?text=Book+29
Business Essentials Vol. 30,Author 30,9780000000030,Business,Business Media,2004,8,8,English,An introductory book on business.,https://via.placeholder.com/150?text=Book+30
Programming Essentials Vol. 31,Author 31,9780000000031,Programming,TechPress,2005,9,9,English,An introductory book on programming.,https://via.placeholder.com/150?text=Book+31
AI & Machine Learning Essentials Vol. 32,Author 32,9780000000032,AI & Machine Learning,AI Publications,2006,10,10,English,An introductory book on ai & machine learning.,https://via.placeholder.com/150?text=Book+32
Data Science Essentials Vol. 33,Author 33,9780000000033,Data Science,Data Insights,2007,3,3,English,An introductory book on data science.,https://via.placeholder.com/150?text=Book+33
Web Development Essentials Vol. 34,Author 34,9780000000034,Web Development,Web House,2008,4,4,English,An introductory book on web development.,https://via.placeholder.com/150?text=Book+34
Database Essentials Vol. 35,Author 35,9780000000035,Database,DB World,2009,5,5,English,An introductory book on database.,https://via.placeholder.com/150?text=Book+35
Cyber Security Essentials Vol. 36,Author 36,9780000000036,Cyber Security,Secure Books,2010,6,6,English,An introductory book on cyber security.,https://via.placeholder.com/150?text=Book+36
Cloud Computing Essentials Vol. 37,Author 37,9780000000037,Cloud Computing,Cloud Press,2011,7,7,English,An introductory book on cloud computing.,https://via.placeholder.com/150?text=Book+37
Fiction Essentials Vol. 38,Author 38,9780000000038,Fiction,Novel House,2012,8,8,English,An introductory book on fiction.,https://via.placeholder.com/150?text=Book+38
History Essentials Vol. 39,Author 39,9780000000039,History,Heritage Press,2013,9,9,English,An introductory book on history.,https://via.placeholder.com/150?text=Book+39
Business Essentials Vol. 40,Author 40,9780000000040,Business,Business Media,2014,10,10,English,An introductory book on business.,https://via.placeholder.com/150?text=Book+40
Programming Essentials Vol. 41,Author 41,9780000000041,Programming,TechPress,2015,3,3,English,An introductory book on programming.,https://via.placeholder.com/150?text=Book+41
AI & Machine Learning Essentials Vol. 42,Author 42,9780000000042,AI & Machine Learning,AI Publications,2016,4,4,English,An introductory book on ai & machine learning.,https://via.placeholder.com/150?text=Book+42
Data Science Essentials Vol. 43,Author 43,9780000000043,Data Science,Data Insights,2017,5,5,English,An introductory book on data science.,https://via.placeholder.com/150?text=Book+43
Web Development Essentials Vol. 44,Author 44,9780000000044,Web Development,Web House,2018,6,6,English,An introductory book on web development.,https://via.placeholder.com/150?text=Book+44
Database Essentials Vol. 45,Author 45,9780000000045,Database,DB World,2019,7,7,English,An introductory book on database.,https://via.placeholder.com/150?text=Book+45
Cyber Security Essentials Vol. 46,Author 46,9780000000046,Cyber Security,Secure Books,2020,8,8,English,An introductory book on cyber security.,https://via.placeholder.com/150?text=Book+46
Cloud Computing Essentials Vol. 47,Author 47,9780000000047,Cloud Computing,Cloud Press,2021,9,9,English,An introductory book on cloud computing.,https://via.placeholder.com/150?text=Book+47
Fiction Essentials Vol. 48,Author 48,9780000000048,Fiction,Novel House,2022,10,10,English,An introductory book on fiction.,https://via.placeholder.com/150?text=Book+48
History Essentials Vol. 49,Author 49,9780000000049,History,Heritage Press,2023,3,3,English,An introductory book on history.,https://via.placeholder.com/150?text=Book+49
Business Essentials Vol. 50,Author 50,9780000000050,Business,Business Media,2024,4,4,English,An introductory book on business.,https://via.placeholder.com/150?text=Book+50
Programming Essentials Vol. 51,Author 51,9780000000051,Programming,TechPress,2000,5,5,English,An introductory book on programming.,https://via.placeholder.com/150?text=Book+51
AI & Machine Learning Essentials Vol. 52,Author 52,9780000000052,AI & Machine Learning,AI Publications,2001,6,6,English,An introductory book on ai & machine learning.,https://via.placeholder.com/150?text=Book+52
Data Science Essentials Vol. 53,Author 53,9780000000053,Data Science,Data Insights,2002,7,7,English,An introductory book on data science.,https://via.placeholder.com/150?text=Book+53
Web Development Essentials Vol. 54,Author 54,9780000000054,Web Development,Web House,2003,8,8,English,An introductory book on web development.,https://via.placeholder.com/150?text=Book+54
Database Essentials Vol. 55,Author 55,9780000000055,Database,DB World,2004,9,9,English,An introductory book on database.,https://via.placeholder.com/150?text=Book+55
Cyber Security Essentials Vol. 56,Author 56,9780000000056,Cyber Security,Secure Books,2005,10,10,English,An introductory book on cyber security.,https://via.placeholder.com/150?text=Book+56
Cloud Computing Essentials Vol. 57,Author 57,9780000000057,Cloud Computing,Cloud Press,2006,3,3,English,An introductory book on cloud computing.,https://via.placeholder.com/150?text=Book+57
Fiction Essentials Vol. 58,Author 58,9780000000058,Fiction,Novel House,2007,4,4,English,An introductory book on fiction.,https://via.placeholder.com/150?text=Book+58
History Essentials Vol. 59,Author 59,9780000000059,History,Heritage Press,2008,5,5,English,An introductory book on history.,https://via.placeholder.com/150?text=Book+59
Business Essentials Vol. 60,Author 60,9780000000060,Business,Business Media,2009,6,6,English,An introductory book on business.,https://via.placeholder.com/150?text=Book+60
Programming Essentials Vol. 61,Author 61,9780000000061,Programming,TechPress,2010,7,7,English,An introductory book on programming.,https://via.placeholder.com/150?text=Book+61
AI & Machine Learning Essentials Vol. 62,Author 62,9780000000062,AI & Machine Learning,AI Publications,2011,8,8,English,An introductory book on ai & machine learning.,https://via.placeholder.com/150?text=Book+62
Data Science Essentials Vol. 63,Author 63,9780000000063,Data Science,Data Insights,2012,9,9,English,An introductory book on data science.,https://via.placeholder.com/150?text=Book+63
Web Development Essentials Vol. 64,Author 64,9780000000064,Web Development,Web House,2013,10,10,English,An introductory book on web development.,https://via.placeholder.com/150?text=Book+64
Database Essentials Vol. 65,Author 65,9780000000065,Database,DB World,2014,3,3,English,An introductory book on database.,https://via.placeholder.com/150?text=Book+65
Cyber Security Essentials Vol. 66,Author 66,9780000000066,Cyber Security,Secure Books,2015,4,4,English,An introductory book on cyber security.,https://via.placeholder.com/150?text=Book+66
Cloud Computing Essentials Vol. 67,Author 67,9780000000067,Cloud Computing,Cloud Press,2016,5,5,English,An introductory book on cloud computing.,https://via.placeholder.com/150?text=Book+67
Fiction Essentials Vol. 68,Author 68,9780000000068,Fiction,Novel House,2017,6,6,English,An introductory book on fiction.,https://via.placeholder.com/150?text=Book+68
History Essentials Vol. 69,Author 69,9780000000069,History,Heritage Press,2018,7,7,English,An introductory book on history.,https://via.placeholder.com/150?text=Book+69
Business Essentials Vol. 70,Author 70,9780000000070,Business,Business Media,2019,8,8,English,An introductory book on business.,https://via.placeholder.com/150?text=Book+70
Programming Essentials Vol. 71,Author 71,9780000000071,Programming,TechPress,2020,9,9,English,An introductory book on programming.,https://via.placeholder.com/150?text=Book+71
AI & Machine Learning Essentials Vol. 72,Author 72,9780000000072,AI & Machine Learning,AI Publications,2021,10,10,English,An introductory book on ai & machine learning.,https://via.placeholder.com/150?text=Book+72
Data Science Essentials Vol. 73,Author 73,9780000000073,Data Science,Data Insights,2022,3,3,English,An introductory book on data science.,https://via.placeholder.com/150?text=Book+73
Web Development Essentials Vol. 74,Author 74,9780000000074,Web Development,Web House,2023,4,4,English,An introductory book on web development.,https://via.placeholder.com/150?text=Book+74
Database Essentials Vol. 75,Author 75,9780000000075,Database,DB World,2024,5,5,English,An introductory book on database.,https://via.placeholder.com/150?text=Book+75
Cyber Security Essentials Vol. 76,Author 1,9780000000076,Cyber Security,Secure Books,2000,6,6,English,An introductory book on cyber security.,https://via.placeholder.com/150?text=Book+76
Cloud Computing Essentials Vol. 77,Author 2,9780000000077,Cloud Computing,Cloud Press,2001,7,7,English,An introductory book on cloud computing.,https://via.placeholder.com/150?text=Book+77
Fiction Essentials Vol. 78,Author 3,9780000000078,Fiction,Novel House,2002,8,8,English,An introductory book on fiction.,https://via.placeholder.com/150?text=Book+78
History Essentials Vol. 79,Author 4,9780000000079,History,Heritage Press,2003,9,9,English,An introductory book on history.,https://via.placeholder.com/150?text=Book+79
Business Essentials Vol. 80,Author 5,9780000000080,Business,Business Media,2004,10,10,English,An introductory book on business.,https://via.placeholder.com/150?text=Book+80
Programming Essentials Vol. 81,Author 6,9780000000081,Programming,TechPress,2005,3,3,English,An introductory book on programming.,https://via.placeholder.com/150?text=Book+81
AI & Machine Learning Essentials Vol. 82,Author 7,9780000000082,AI & Machine Learning,AI Publications,2006,4,4,English,An introductory book on ai & machine learning.,https://via.placeholder.com/150?text=Book+82
Data Science Essentials Vol. 83,Author 8,9780000000083,Data Science,Data Insights,2007,5,5,English,An introductory book on data science.,https://via.placeholder.com/150?text=Book+83
Web Development Essentials Vol. 84,Author 9,9780000000084,Web Development,Web House,2008,6,6,English,An introductory book on web development.,https://via.placeholder.com/150?text=Book+84
Database Essentials Vol. 85,Author 10,9780000000085,Database,DB World,2009,7,7,English,An introductory book on database.,https://via.placeholder.com/150?text=Book+85
Cyber Security Essentials Vol. 86,Author 11,9780000000086,Cyber Security,Secure Books,2010,8,8,English,An introductory book on cyber security.,https://via.placeholder.com/150?text=Book+86
Cloud Computing Essentials Vol. 87,Author 12,9780000000087,Cloud Computing,Cloud Press,2011,9,9,English,An introductory book on cloud computing.,https://via.placeholder.com/150?text=Book+87
Fiction Essentials Vol. 88,Author 13,9780000000088,Fiction,Novel House,2012,10,10,English,An introductory book on fiction.,https://via.placeholder.com/150?text=Book+88
History Essentials Vol. 89,Author 14,9780000000089,History,Heritage Press,2013,3,3,English,An introductory book on history.,https://via.placeholder.com/150?text=Book+89
Business Essentials Vol. 90,Author 15,9780000000090,Business,Business Media,2014,4,4,English,An introductory book on business.,https://via.placeholder.com/150?text=Book+90
Programming Essentials Vol. 91,Author 16,9780000000091,Programming,TechPress,2015,5,5,English,An introductory book on programming.,https://via.placeholder.com/150?text=Book+91
AI & Machine Learning Essentials Vol. 92,Author 17,9780000000092,AI & Machine Learning,AI Publications,2016,6,6,English,An introductory book on ai & machine learning.,https://via.placeholder.com/150?text=Book+92
Data Science Essentials Vol. 93,Author 18,9780000000093,Data Science,Data Insights,2017,7,7,English,An introductory book on data science.,https://via.placeholder.com/150?text=Book+93
Web Development Essentials Vol. 94,Author 19,9780000000094,Web Development,Web House,2018,8,8,English,An introductory book on web development.,https://via.placeholder.com/150?text=Book+94
Database Essentials Vol. 95,Author 20,9780000000095,Database,DB World,2019,9,9,English,An introductory book on database.,https://via.placeholder.com/150?text=Book+95
Cyber Security Essentials Vol. 96,Author 21,9780000000096,Cyber Security,Secure Books,2020,10,10,English,An introductory book on cyber security.,https://via.placeholder.com/150?text=Book+96
Cloud Computing Essentials Vol. 97,Author 22,9780000000097,Cloud Computing,Cloud Press,2021,3,3,English,An introductory book on cloud computing.,https://via.placeholder.com/150?text=Book+97
Fiction Essentials Vol. 98,Author 23,9780000000098,Fiction,Novel House,2022,4,4,English,An introductory book on fiction.,https://via.placeholder.com/150?text=Book+98
History Essentials Vol. 99,Author 24,9780000000099,History,Heritage Press,2023,5,5,English,An introductory book on history.,https://via.placeholder.com/150?text=Book+99
Business Essentials Vol. 100,Author 25,9780000000100,Business,Business Media,2024,6,6,English,An introductory book on business.,https://via.placeholder.com/150?text=Book+100
Programming Essentials Vol. 101,Author 26,9780000000101,Programming,TechPress,2000,7,7,English,An introductory book on programming.,https://via.placeholder.com/150?text=Book+101
AI & Machine Learning Essentials Vol. 102,Author 27,9780000000102,AI & Machine Learning,AI Publications,2001,8,8,English,An introductory book on ai & machine learning.,https://via.placeholder.com/150?text=Book+102
Data Science Essentials Vol. 103,Author 28,9780000000103,Data Science,Data Insights,2002,9,9,English,An introductory book on data science.,https://via.placeholder.com/150?text=Book+103
Web Development Essentials Vol. 104,Author 29,9780000000104,Web Development,Web House,2003,10,10,English,An introductory book on web development.,https://via.placeholder.com/150?text=Book+104
Database Essentials Vol. 105,Author 30,9780000000105,Database,DB World,2004,3,3,English,An introductory book on database.,https://via.placeholder.com/150?text=Book+105
Cyber Security Essentials Vol. 106,Author 31,9780000000106,Cyber Security,Secure Books,2005,4,4,English,An introductory book on cyber security.,https://via.placeholder.com/150?text=Book+106
Cloud Computing Essentials Vol. 107,Author 32,9780000000107,Cloud Computing,Cloud Press,2006,5,5,English,An introductory book on cloud computing.,https://via.placeholder.com/150?text=Book+107
Fiction Essentials Vol. 108,Author 33,9780000000108,Fiction,Novel House,2007,6,6,English,An introductory book on fiction.,https://via.placeholder.com/150?text=Book+108
History Essentials Vol. 109,Author 34,9780000000109,History,Heritage Press,2008,7,7,English,An introductory book on history.,https://via.placeholder.com/150?text=Book+109
Business Essentials Vol. 110,Author 35,9780000000110,Business,Business Media,2009,8,8,English,An introductory book on business.,https://via.placeholder.com/150?text=Book+110
Programming Essentials Vol. 111,Author 36,9780000000111,Programming,TechPress,2010,9,9,English,An introductory book on programming.,https://via.placeholder.com/150?text=Book+111
AI & Machine Learning Essentials Vol. 112,Author 37,9780000000112,AI & Machine Learning,AI Publications,2011,10,10,English,An introductory book on ai & machine learning.,https://via.placeholder.com/150?text=Book+112
Data Science Essentials Vol. 113,Author 38,9780000000113,Data Science,Data Insights,2012,3,3,English,An introductory book on data science.,https://via.placeholder.com/150?text=Book+113
Web Development Essentials Vol. 114,Author 39,9780000000114,Web Development,Web House,2013,4,4,English,An introductory book on web development.,https://via.placeholder.com/150?text=Book+114
Database Essentials Vol. 115,Author 40,9780000000115,Database,DB World,2014,5,5,English,An introductory book on database.,https://via.placeholder.com/150?text=Book+115
Cyber Security Essentials Vol. 116,Author 41,9780000000116,Cyber Security,Secure Books,2015,6,6,English,An introductory book on cyber security.,https://via.placeholder.com/150?text=Book+116
Cloud Computing Essentials Vol. 117,Author 42,9780000000117,Cloud Computing,Cloud Press,2016,7,7,English,An introductory book on cloud computing.,https://via.placeholder.com/150?text=Book+117
Fiction Essentials Vol. 118,Author 43,9780000000118,Fiction,Novel House,2017,8,8,English,An introductory book on fiction.,https://via.placeholder.com/150?text=Book+118
History Essentials Vol. 119,Author 44,9780000000119,History,Heritage Press,2018,9,9,English,An introductory book on history.,https://via.placeholder.com/150?text=Book+119
Business Essentials Vol. 120,Author 45,9780000000120,Business,Business Media,2019,10,10,English,An introductory book on business.,https://via.placeholder.com/150?text=Book+120
Programming Essentials Vol. 121,Author 46,9780000000121,Programming,TechPress,2020,3,3,English,An introductory book on programming.,https://via.placeholder.com/150?text=Book+121
AI & Machine Learning Essentials Vol. 122,Author 47,9780000000122,AI & Machine Learning,AI Publications,2021,4,4,English,An introductory book on ai & machine learning.,https://via.placeholder.com/150?text=Book+122
Data Science Essentials Vol. 123,Author 48,9780000000123,Data Science,Data Insights,2022,5,5,English,An introductory book on data science.,https://via.placeholder.com/150?text=Book+123
Web Development Essentials Vol. 124,Author 49,9780000000124,Web Development,Web House,2023,6,6,English,An introductory book on web development.,https://via.placeholder.com/150?text=Book+124
Database Essentials Vol. 125,Author 50,9780000000125,Database,DB World,2024,7,7,English,An introductory book on database.,https://via.placeholder.com/150?text=Book+125
Cyber Security Essentials Vol. 126,Author 51,9780000000126,Cyber Security,Secure Books,2000,8,8,English,An introductory book on cyber security.,https://via.placeholder.com/150?text=Book+126
Cloud Computing Essentials Vol. 127,Author 52,9780000000127,Cloud Computing,Cloud Press,2001,9,9,English,An introductory book on cloud computing.,https://via.placeholder.com/150?text=Book+127
Fiction Essentials Vol. 128,Author 53,9780000000128,Fiction,Novel House,2002,10,10,English,An introductory book on fiction.,https://via.placeholder.com/150?text=Book+128
History Essentials Vol. 129,Author 54,9780000000129,History,Heritage Press,2003,3,3,English,An introductory book on history.,https://via.placeholder.com/150?text=Book+129
Business Essentials Vol. 130,Author 55,9780000000130,Business,Business Media,2004,4,4,English,An introductory book on business.,https://via.placeholder.com/150?text=Book+130
Programming Essentials Vol. 131,Author 56,9780000000131,Programming,TechPress,2005,5,5,English,An introductory book on programming.,https://via.placeholder.com/150?text=Book+131
AI & Machine Learning Essentials Vol. 132,Author 57,9780000000132,AI & Machine Learning,AI Publications,2006,6,6,English,An introductory book on ai & machine learning.,https://via.placeholder.com/150?text=Book+132
Data Science Essentials Vol. 133,Author 58,9780000000133,Data Science,Data Insights,2007,7,7,English,An introductory book on data science.,https://via.placeholder.com/150?text=Book+133
Web Development Essentials Vol. 134,Author 59,9780000000134,Web Development,Web House,2008,8,8,English,An introductory book on web development.,https://via.placeholder.com/150?text=Book+134
Database Essentials Vol. 135,Author 60,9780000000135,Database,DB World,2009,9,9,English,An introductory book on database.,https://via.placeholder.com/150?text=Book+135
Cyber Security Essentials Vol. 136,Author 61,9780000000136,Cyber Security,Secure Books,2010,10,10,English,An introductory book on cyber security.,https://via.placeholder.com/150?text=Book+136
Cloud Computing Essentials Vol. 137,Author 62,9780000000137,Cloud Computing,Cloud Press,2011,3,3,English,An introductory book on cloud computing.,https://via.placeholder.com/150?text=Book+137
Fiction Essentials Vol. 138,Author 63,9780000000138,Fiction,Novel House,2012,4,4,English,An introductory book on fiction.,https://via.placeholder.com/150?text=Book+138
History Essentials Vol. 139,Author 64,9780000000139,History,Heritage Press,2013,5,5,English,An introductory book on history.,https://via.placeholder.com/150?text=Book+139
Business Essentials Vol. 140,Author 65,9780000000140,Business,Business Media,2014,6,6,English,An introductory book on business.,https://via.placeholder.com/150?text=Book+140
Programming Essentials Vol. 141,Author 66,9780000000141,Programming,TechPress,2015,7,7,English,An introductory book on programming.,https://via.placeholder.com/150?text=Book+141
AI & Machine Learning Essentials Vol. 142,Author 67,9780000000142,AI & Machine Learning,AI Publications,2016,8,8,English,An introductory book on ai & machine learning.,https://via.placeholder.com/150?text=Book+142
Data Science Essentials Vol. 143,Author 68,9780000000143,Data Science,Data Insights,2017,9,9,English,An introductory book on data science.,https://via.placeholder.com/150?text=Book+143
Web Development Essentials Vol. 144,Author 69,9780000000144,Web Development,Web House,2018,10,10,English,An introductory book on web development.,https://via.placeholder.com/150?text=Book+144
Database Essentials Vol. 145,Author 70,9780000000145,Database,DB World,2019,3,3,English,An introductory book on database.,https://via.placeholder.com/150?text=Book+145
Cyber Security Essentials Vol. 146,Author 71,9780000000146,Cyber Security,Secure Books,2020,4,4,English,An introductory book on cyber security.,https://via.placeholder.com/150?text=Book+146
Cloud Computing Essentials Vol. 147,Author 72,9780000000147,Cloud Computing,Cloud Press,2021,5,5,English,An introductory book on cloud computing.,https://via.placeholder.com/150?text=Book+147
Fiction Essentials Vol. 148,Author 73,9780000000148,Fiction,Novel House,2022,6,6,English,An introductory book on fiction.,https://via.placeholder.com/150?text=Book+148
History Essentials Vol. 149,Author 74,9780000000149,History,Heritage Press,2023,7,7,English,An introductory book on history.,https://via.placeholder.com/150?text=Book+149
Business Essentials Vol. 150,Author 75,9780000000150,Business,Business Media,2024,8,8,English,An introductory book on business.,https://via.placeholder.com/150?text=Book+150
Programming Essentials Vol. 151,Author 1,9780000000151,Programming,TechPress,2000,9,9,English,An introductory book on programming.,https://via.placeholder.com/150?text=Book+151
AI & Machine Learning Essentials Vol. 152,Author 2,9780000000152,AI & Machine Learning,AI Publications,2001,10,10,English,An introductory book on ai & machine learning.,https://via.placeholder.com/150?text=Book+152
Data Science Essentials Vol. 153,Author 3,9780000000153,Data Science,Data Insights,2002,3,3,English,An introductory book on data science.,https://via.placeholder.com/150?text=Book+153
Web Development Essentials Vol. 154,Author 4,9780000000154,Web Development,Web House,2003,4,4,English,An introductory book on web development.,https://via.placeholder.com/150?text=Book+154
Database Essentials Vol. 155,Author 5,9780000000155,Database,DB World,2004,5,5,English,An introductory book on database.,https://via.placeholder.com/150?text=Book+155
Cyber Security Essentials Vol. 156,Author 6,9780000000156,Cyber Security,Secure Books,2005,6,6,English,An introductory book on cyber security.,https://via.placeholder.com/150?text=Book+156
Cloud Computing Essentials Vol. 157,Author 7,9780000000157,Cloud Computing,Cloud Press,2006,7,7,English,An introductory book on cloud computing.,https://via.placeholder.com/150?text=Book+157
Fiction Essentials Vol. 158,Author 8,9780000000158,Fiction,Novel House,2007,8,8,English,An introductory book on fiction.,https://via.placeholder.com/150?text=Book+158
History Essentials Vol. 159,Author 9,9780000000159,History,Heritage Press,2008,9,9,English,An introductory book on history.,https://via.placeholder.com/150?text=Book+159
Business Essentials Vol. 160,Author 10,9780000000160,Business,Business Media,2009,10,10,English,An introductory book on business.,https://via.placeholder.com/150?text=Book+160
Programming Essentials Vol. 161,Author 11,9780000000161,Programming,TechPress,2010,3,3,English,An introductory book on programming.,https://via.placeholder.com/150?text=Book+161
AI & Machine Learning Essentials Vol. 162,Author 12,9780000000162,AI & Machine Learning,AI Publications,2011,4,4,English,An introductory book on ai & machine learning.,https://via.placeholder.com/150?text=Book+162
Data Science Essentials Vol. 163,Author 13,9780000000163,Data Science,Data Insights,2012,5,5,English,An introductory book on data science.,https://via.placeholder.com/150?text=Book+163
Web Development Essentials Vol. 164,Author 14,9780000000164,Web Development,Web House,2013,6,6,English,An introductory book on web development.,https://via.placeholder.com/150?text=Book+164
Database Essentials Vol. 165,Author 15,9780000000165,Database,DB World,2014,7,7,English,An introductory book on database.,https://via.placeholder.com/150?text=Book+165
Cyber Security Essentials Vol. 166,Author 16,9780000000166,Cyber Security,Secure Books,2015,8,8,English,An introductory book on cyber security.,https://via.placeholder.com/150?text=Book+166
Cloud Computing Essentials Vol. 167,Author 17,9780000000167,Cloud Computing,Cloud Press,2016,9,9,English,An introductory book on cloud computing.,https://via.placeholder.com/150?text=Book+167
Fiction Essentials Vol. 168,Author 18,9780000000168,Fiction,Novel House,2017,10,10,English,An introductory book on fiction.,https://via.placeholder.com/150?text=Book+168
History Essentials Vol. 169,Author 19,9780000000169,History,Heritage Press,2018,3,3,English,An introductory book on history.,https://via.placeholder.com/150?text=Book+169
Business Essentials Vol. 170,Author 20,9780000000170,Business,Business Media,2019,4,4,English,An introductory book on business.,https://via.placeholder.com/150?text=Book+170
Programming Essentials Vol. 171,Author 21,9780000000171,Programming,TechPress,2020,5,5,English,An introductory book on programming.,https://via.placeholder.com/150?text=Book+171
AI & Machine Learning Essentials Vol. 172,Author 22,9780000000172,AI & Machine Learning,AI Publications,2021,6,6,English,An introductory book on ai & machine learning.,https://via.placeholder.com/150?text=Book+172
Data Science Essentials Vol. 173,Author 23,9780000000173,Data Science,Data Insights,2022,7,7,English,An introductory book on data science.,https://via.placeholder.com/150?text=Book+173
Web Development Essentials Vol. 174,Author 24,9780000000174,Web Development,Web House,2023,8,8,English,An introductory book on web development.,https://via.placeholder.com/150?text=Book+174
Database Essentials Vol. 175,Author 25,9780000000175,Database,DB World,2024,9,9,English,An introductory book on database.,https://via.placeholder.com/150?text=Book+175
Cyber Security Essentials Vol. 176,Author 26,9780000000176,Cyber Security,Secure Books,2000,10,10,English,An introductory book on cyber security.,https://via.placeholder.com/150?text=Book+176
Cloud Computing Essentials Vol. 177,Author 27,9780000000177,Cloud Computing,Cloud Press,2001,3,3,English,An introductory book on cloud computing.,https://via.placeholder.com/150?text=Book+177
Fiction Essentials Vol. 178,Author 28,9780000000178,Fiction,Novel House,2002,4,4,English,An introductory book on fiction.,https://via.placeholder.com/150?text=Book+178
History Essentials Vol. 179,Author 29,9780000000179,History,Heritage Press,2003,5,5,English,An introductory book on history.,https://via.placeholder.com/150?text=Book+179
Business Essentials Vol. 180,Author 30,9780000000180,Business,Business Media,2004,6,6,English,An introductory book on business.,https://via.placeholder.com/150?text=Book+180
Programming Essentials Vol. 181,Author 31,9780000000181,Programming,TechPress,2005,7,7,English,An introductory book on programming.,https://via.placeholder.com/150?text=Book+181
AI & Machine Learning Essentials Vol. 182,Author 32,9780000000182,AI & Machine Learning,AI Publications,2006,8,8,English,An introductory book on ai & machine learning.,https://via.placeholder.com/150?text=Book+182
Data Science Essentials Vol. 183,Author 33,9780000000183,Data Science,Data Insights,2007,9,9,English,An introductory book on data science.,https://via.placeholder.com/150?text=Book+183
Web Development Essentials Vol. 184,Author 34,9780000000184,Web Development,Web House,2008,10,10,English,An introductory book on web development.,https://via.placeholder.com/150?text=Book+184
Database Essentials Vol. 185,Author 35,9780000000185,Database,DB World,2009,3,3,English,An introductory book on database.,https://via.placeholder.com/150?text=Book+185
Cyber Security Essentials Vol. 186,Author 36,9780000000186,Cyber Security,Secure Books,2010,4,4,English,An introductory book on cyber security.,https://via.placeholder.com/150?text=Book+186
Cloud Computing Essentials Vol. 187,Author 37,9780000000187,Cloud Computing,Cloud Press,2011,5,5,English,An introductory book on cloud computing.,https://via.placeholder.com/150?text=Book+187
Fiction Essentials Vol. 188,Author 38,9780000000188,Fiction,Novel House,2012,6,6,English,An introductory book on fiction.,https://via.placeholder.com/150?text=Book+188
History Essentials Vol. 189,Author 39,9780000000189,History,Heritage Press,2013,7,7,English,An introductory book on history.,https://via.placeholder.com/150?text=Book+189
Business Essentials Vol. 190,Author 40,9780000000190,Business,Business Media,2014,8,8,English,An introductory book on business.,https://via.placeholder.com/150?text=Book+190
Programming Essentials Vol. 191,Author 41,9780000000191,Programming,TechPress,2015,9,9,English,An introductory book on programming.,https://via.placeholder.com/150?text=Book+191
AI & Machine Learning Essentials Vol. 192,Author 42,9780000000192,AI & Machine Learning,AI Publications,2016,10,10,English,An introductory book on ai & machine learning.,https://via.placeholder.com/150?text=Book+192
Data Science Essentials Vol. 193,Author 43,9780000000193,Data Science,Data Insights,2017,3,3,English,An introductory book on data science.,https://via.placeholder.com/150?text=Book+193
Web Development Essentials Vol. 194,Author 44,9780000000194,Web Development,Web House,2018,4,4,English,An introductory book on web development.,https://via.placeholder.com/150?text=Book+194
Database Essentials Vol. 195,Author 45,9780000000195,Database,DB World,2019,5,5,English,An introductory book on database.,https://via.placeholder.com/150?text=Book+195
Cyber Security Essentials Vol. 196,Author 46,9780000000196,Cyber Security,Secure Books,2020,6,6,English,An introductory book on cyber security.,https://via.placeholder.com/150?text=Book+196
Cloud Computing Essentials Vol. 197,Author 47,9780000000197,Cloud Computing,Cloud Press,2021,7,7,English,An introductory book on cloud computing.,https://via.placeholder.com/150?text=Book+197
Fiction Essentials Vol. 198,Author 48,9780000000198,Fiction,Novel House,2022,8,8,English,An introductory book on fiction.,https://via.placeholder.com/150?text=Book+198
History Essentials Vol. 199,Author 49,9780000000199,History,Heritage Press,2023,9,9,English,An introductory book on history.,https://via.placeholder.com/150?text=Book+199
Business Essentials Vol. 200,Author 50,9780000000200,Business,Business Media,2024,10,10,English,An introductory book on business.,https://via.placeholder.com/150?text=Book+200
Programming Essentials Vol. 201,Author 51,9780000000201,Programming,TechPress,2000,3,3,English,An introductory book on programming.,https://via.placeholder.com/150?text=Book+201
AI & Machine Learning Essentials Vol. 202,Author 52,9780000000202,AI & Machine Learning,AI Publications,2001,4,4,English,An introductory book on ai & machine learning.,https://via.placeholder.com/150?text=Book+202
Data Science Essentials Vol. 203,Author 53,9780000000203,Data Science,Data Insights,2002,5,5,English,An introductory book on data science.,https://via.placeholder.com/150?text=Book+203
Web Development Essentials Vol. 204,Author 54,9780000000204,Web Development,Web House,2003,6,6,English,An introductory book on web development.,https://via.placeholder.com/150?text=Book+204
Database Essentials Vol. 205,Author 55,9780000000205,Database,DB World,2004,7,7,English,An introductory book on database.,https://via.placeholder.com/150?text=Book+205
Cyber Security Essentials Vol. 206,Author 56,9780000000206,Cyber Security,Secure Books,2005,8,8,English,An introductory book on cyber security.,https://via.placeholder.com/150?text=Book+206
Cloud Computing Essentials Vol. 207,Author 57,9780000000207,Cloud Computing,Cloud Press,2006,9,9,English,An introductory book on cloud computing.,https://via.placeholder.com/150?text=Book+207
Fiction Essentials Vol. 208,Author 58,9780000000208,Fiction,Novel House,2007,10,10,English,An introductory book on fiction.,https://via.placeholder.com/150?text=Book+208
History Essentials Vol. 209,Author 59,9780000000209,History,Heritage Press,2008,3,3,English,An introductory book on history.,https://via.placeholder.com/150?text=Book+209
Business Essentials Vol. 210,Author 60,9780000000210,Business,Business Media,2009,4,4,English,An introductory book on business.,https://via.placeholder.com/150?text=Book+210
Programming Essentials Vol. 211,Author 61,9780000000211,Programming,TechPress,2010,5,5,English,An introductory book on programming.,https://via.placeholder.com/150?text=Book+211
AI & Machine Learning Essentials Vol. 212,Author 62,9780000000212,AI & Machine Learning,AI Publications,2011,6,6,English,An introductory book on ai & machine learning.,https://via.placeholder.com/150?text=Book+212
Data Science Essentials Vol. 213,Author 63,9780000000213,Data Science,Data Insights,2012,7,7,English,An introductory book on data science.,https://via.placeholder.com/150?text=Book+213
Web Development Essentials Vol. 214,Author 64,9780000000214,Web Development,Web House,2013,8,8,English,An introductory book on web development.,https://via.placeholder.com/150?text=Book+214
Database Essentials Vol. 215,Author 65,9780000000215,Database,DB World,2014,9,9,English,An introductory book on database.,https://via.placeholder.com/150?text=Book+215
Cyber Security Essentials Vol. 216,Author 66,9780000000216,Cyber Security,Secure Books,2015,10,10,English,An introductory book on cyber security.,https://via.placeholder.com/150?text=Book+216
Cloud Computing Essentials Vol. 217,Author 67,9780000000217,Cloud Computing,Cloud Press,2016,3,3,English,An introductory book on cloud computing.,https://via.placeholder.com/150?text=Book+217
Fiction Essentials Vol. 218,Author 68,9780000000218,Fiction,Novel House,2017,4,4,English,An introductory book on fiction.,https://via.placeholder.com/150?text=Book+218
History Essentials Vol. 219,Author 69,9780000000219,History,Heritage Press,2018,5,5,English,An introductory book on history.,https://via.placeholder.com/150?text=Book+219
Business Essentials Vol. 220,Author 70,9780000000220,Business,Business Media,2019,6,6,English,An introductory book on business.,https://via.placeholder.com/150?text=Book+220
Programming Essentials Vol. 221,Author 71,9780000000221,Programming,TechPress,2020,7,7,English,An introductory book on programming.,https://via.placeholder.com/150?text=Book+221
AI & Machine Learning Essentials Vol. 222,Author 72,9780000000222,AI & Machine Learning,AI Publications,2021,8,8,English,An introductory book on ai & machine learning.,https://via.placeholder.com/150?text=Book+222
Data Science Essentials Vol. 223,Author 73,9780000000223,Data Science,Data Insights,2022,9,9,English,An introductory book on data science.,https://via.placeholder.com/150?text=Book+223
Web Development Essentials Vol. 224,Author 74,9780000000224,Web Development,Web House,2023,10,10,English,An introductory book on web development.,https://via.placeholder.com/150?text=Book+224
Database Essentials Vol. 225,Author 75,9780000000225,Database,DB World,2024,3,3,English,An introductory book on database.,https://via.placeholder.com/150?text=Book+225
Cyber Security Essentials Vol. 226,Author 1,9780000000226,Cyber Security,Secure Books,2000,4,4,English,An introductory book on cyber security.,https://via.placeholder.com/150?text=Book+226
Cloud Computing Essentials Vol. 227,Author 2,9780000000227,Cloud Computing,Cloud Press,2001,5,5,English,An introductory book on cloud computing.,https://via.placeholder.com/150?text=Book+227
Fiction Essentials Vol. 228,Author 3,9780000000228,Fiction,Novel House,2002,6,6,English,An introductory book on fiction.,https://via.placeholder.com/150?text=Book+228
History Essentials Vol. 229,Author 4,9780000000229,History,Heritage Press,2003,7,7,English,An introductory book on history.,https://via.placeholder.com/150?text=Book+229
Business Essentials Vol. 230,Author 5,9780000000230,Business,Business Media,2004,8,8,English,An introductory book on business.,https://via.placeholder.com/150?text=Book+230
Programming Essentials Vol. 231,Author 6,9780000000231,Programming,TechPress,2005,9,9,English,An introductory book on programming.,https://via.placeholder.com/150?text=Book+231
AI & Machine Learning Essentials Vol. 232,Author 7,9780000000232,AI & Machine Learning,AI Publications,2006,10,10,English,An introductory book on ai & machine learning.,https://via.placeholder.com/150?text=Book+232
Data Science Essentials Vol. 233,Author 8,9780000000233,Data Science,Data Insights,2007,3,3,English,An introductory book on data science.,https://via.placeholder.com/150?text=Book+233
Web Development Essentials Vol. 234,Author 9,9780000000234,Web Development,Web House,2008,4,4,English,An introductory book on web development.,https://via.placeholder.com/150?text=Book+234
Database Essentials Vol. 235,Author 10,9780000000235,Database,DB World,2009,5,5,English,An introductory book on database.,https://via.placeholder.com/150?text=Book+235
Cyber Security Essentials Vol. 236,Author 11,9780000000236,Cyber Security,Secure Books,2010,6,6,English,An introductory book on cyber security.,https://via.placeholder.com/150?text=Book+236
Cloud Computing Essentials Vol. 237,Author 12,9780000000237,Cloud Computing,Cloud Press,2011,7,7,English,An introductory book on cloud computing.,https://via.placeholder.com/150?text=Book+237
Fiction Essentials Vol. 238,Author 13,9780000000238,Fiction,Novel House,2012,8,8,English,An introductory book on fiction.,https://via.placeholder.com/150?text=Book+238
History Essentials Vol. 239,Author 14,9780000000239,History,Heritage Press,2013,9,9,English,An introductory book on history.,https://via.placeholder.com/150?text=Book+239
Business Essentials Vol. 240,Author 15,9780000000240,Business,Business Media,2014,10,10,English,An introductory book on business.,https://via.placeholder.com/150?text=Book+240
Programming Essentials Vol. 241,Author 16,9780000000241,Programming,TechPress,2015,3,3,English,An introductory book on programming.,https://via.placeholder.com/150?text=Book+241
AI & Machine Learning Essentials Vol. 242,Author 17,9780000000242,AI & Machine Learning,AI Publications,2016,4,4,English,An introductory book on ai & machine learning.,https://via.placeholder.com/150?text=Book+242
Data Science Essentials Vol. 243,Author 18,9780000000243,Data Science,Data Insights,2017,5,5,English,An introductory book on data science.,https://via.placeholder.com/150?text=Book+243
Web Development Essentials Vol. 244,Author 19,9780000000244,Web Development,Web House,2018,6,6,English,An introductory book on web development.,https://via.placeholder.com/150?text=Book+244
Database Essentials Vol. 245,Author 20,9780000000245,Database,DB World,2019,7,7,English,An introductory book on database.,https://via.placeholder.com/150?text=Book+245
Cyber Security Essentials Vol. 246,Author 21,9780000000246,Cyber Security,Secure Books,2020,8,8,English,An introductory book on cyber security.,https://via.placeholder.com/150?text=Book+246
Cloud Computing Essentials Vol. 247,Author 22,9780000000247,Cloud Computing,Cloud Press,2021,9,9,English,An introductory book on cloud computing.,https://via.placeholder.com/150?text=Book+247
Fiction Essentials Vol. 248,Author 23,9780000000248,Fiction,Novel House,2022,10,10,English,An introductory book on fiction.,https://via.placeholder.com/150?text=Book+248
History Essentials Vol. 249,Author 24,9780000000249,History,Heritage Press,2023,3,3,English,An introductory book on history.,https://via.placeholder.com/150?text=Book+249
Business Essentials Vol. 250,Author 25,9780000000250,Business,Business Media,2024,4,4,English,An introductory book on business.,https://via.placeholder.com/150?text=Book+250
Programming Essentials Vol. 251,Author 26,9780000000251,Programming,TechPress,2000,5,5,English,An introductory book on programming.,https://via.placeholder.com/150?text=Book+251
AI & Machine Learning Essentials Vol. 252,Author 27,9780000000252,AI & Machine Learning,AI Publications,2001,6,6,English,An introductory book on ai & machine learning.,https://via.placeholder.com/150?text=Book+252
Data Science Essentials Vol. 253,Author 28,9780000000253,Data Science,Data Insights,2002,7,7,English,An introductory book on data science.,https://via.placeholder.com/150?text=Book+253
Web Development Essentials Vol. 254,Author 29,9780000000254,Web Development,Web House,2003,8,8,English,An introductory book on web development.,https://via.placeholder.com/150?text=Book+254
Database Essentials Vol. 255,Author 30,9780000000255,Database,DB World,2004,9,9,English,An introductory book on database.,https://via.placeholder.com/150?text=Book+255
Cyber Security Essentials Vol. 256,Author 31,9780000000256,Cyber Security,Secure Books,2005,10,10,English,An introductory book on cyber security.,https://via.placeholder.com/150?text=Book+256
Cloud Computing Essentials Vol. 257,Author 32,9780000000257,Cloud Computing,Cloud Press,2006,3,3,English,An introductory book on cloud computing.,https://via.placeholder.com/150?text=Book+257
Fiction Essentials Vol. 258,Author 33,9780000000258,Fiction,Novel House,2007,4,4,English,An introductory book on fiction.,https://via.placeholder.com/150?text=Book+258
History Essentials Vol. 259,Author 34,9780000000259,History,Heritage Press,2008,5,5,English,An introductory book on history.,https://via.placeholder.com/150?text=Book+259
Business Essentials Vol. 260,Author 35,9780000000260,Business,Business Media,2009,6,6,English,An introductory book on business.,https://via.placeholder.com/150?text=Book+260
Programming Essentials Vol. 261,Author 36,9780000000261,Programming,TechPress,2010,7,7,English,An introductory book on programming.,https://via.placeholder.com/150?text=Book+261
AI & Machine Learning Essentials Vol. 262,Author 37,9780000000262,AI & Machine Learning,AI Publications,2011,8,8,English,An introductory book on ai & machine learning.,https://via.placeholder.com/150?text=Book+262
Data Science Essentials Vol. 263,Author 38,9780000000263,Data Science,Data Insights,2012,9,9,English,An introductory book on data science.,https://via.placeholder.com/150?text=Book+263
Web Development Essentials Vol. 264,Author 39,9780000000264,Web Development,Web House,2013,10,10,English,An introductory book on web development.,https://via.placeholder.com/150?text=Book+264
Database Essentials Vol. 265,Author 40,9780000000265,Database,DB World,2014,3,3,English,An introductory book on database.,https://via.placeholder.com/150?text=Book+265
Cyber Security Essentials Vol. 266,Author 41,9780000000266,Cyber Security,Secure Books,2015,4,4,English,An introductory book on cyber security.,https://via.placeholder.com/150?text=Book+266
Cloud Computing Essentials Vol. 267,Author 42,9780000000267,Cloud Computing,Cloud Press,2016,5,5,English,An introductory book on cloud computing.,https://via.placeholder.com/150?text=Book+267
Fiction Essentials Vol. 268,Author 43,9780000000268,Fiction,Novel House,2017,6,6,English,An introductory book on fiction.,https://via.placeholder.com/150?text=Book+268
History Essentials Vol. 269,Author 44,9780000000269,History,Heritage Press,2018,7,7,English,An introductory book on history.,https://via.placeholder.com/150?text=Book+269
Business Essentials Vol. 270,Author 45,9780000000270,Business,Business Media,2019,8,8,English,An introductory book on business.,https://via.placeholder.com/150?text=Book+270
Programming Essentials Vol. 271,Author 46,9780000000271,Programming,TechPress,2020,9,9,English,An introductory book on programming.,https://via.placeholder.com/150?text=Book+271
AI & Machine Learning Essentials Vol. 272,Author 47,9780000000272,AI & Machine Learning,AI Publications,2021,10,10,English,An introductory book on ai & machine learning.,https://via.placeholder.com/150?text=Book+272
Data Science Essentials Vol. 273,Author 48,9780000000273,Data Science,Data Insights,2022,3,3,English,An introductory book on data science.,https://via.placeholder.com/150?text=Book+273
Web Development Essentials Vol. 274,Author 49,9780000000274,Web Development,Web House,2023,4,4,English,An introductory book on web development.,https://via.placeholder.com/150?text=Book+274
Database Essentials Vol. 275,Author 50,9780000000275,Database,DB World,2024,5,5,English,An introductory book on database.,https://via.placeholder.com/150?text=Book+275
Cyber Security Essentials Vol. 276,Author 51,9780000000276,Cyber Security,Secure Books,2000,6,6,English,An introductory book on cyber security.,https://via.placeholder.com/150?text=Book+276
Cloud Computing Essentials Vol. 277,Author 52,9780000000277,Cloud Computing,Cloud Press,2001,7,7,English,An introductory book on cloud computing.,https://via.placeholder.com/150?text=Book+277
Fiction Essentials Vol. 278,Author 53,9780000000278,Fiction,Novel House,2002,8,8,English,An introductory book on fiction.,https://via.placeholder.com/150?text=Book+278
History Essentials Vol. 279,Author 54,9780000000279,History,Heritage Press,2003,9,9,English,An introductory book on history.,https://via.placeholder.com/150?text=Book+279
Business Essentials Vol. 280,Author 55,9780000000280,Business,Business Media,2004,10,10,English,An introductory book on business.,https://via.placeholder.com/150?text=Book+280
Programming Essentials Vol. 281,Author 56,9780000000281,Programming,TechPress,2005,3,3,English,An introductory book on programming.,https://via.placeholder.com/150?text=Book+281
AI & Machine Learning Essentials Vol. 282,Author 57,9780000000282,AI & Machine Learning,AI Publications,2006,4,4,English,An introductory book on ai & machine learning.,https://via.placeholder.com/150?text=Book+282
Data Science Essentials Vol. 283,Author 58,9780000000283,Data Science,Data Insights,2007,5,5,English,An introductory book on data science.,https://via.placeholder.com/150?text=Book+283
Web Development Essentials Vol. 284,Author 59,9780000000284,Web Development,Web House,2008,6,6,English,An introductory book on web development.,https://via.placeholder.com/150?text=Book+284
Database Essentials Vol. 285,Author 60,9780000000285,Database,DB World,2009,7,7,English,An introductory book on database.,https://via.placeholder.com/150?text=Book+285
Cyber Security Essentials Vol. 286,Author 61,9780000000286,Cyber Security,Secure Books,2010,8,8,English,An introductory book on cyber security.,https://via.placeholder.com/150?text=Book+286
Cloud Computing Essentials Vol. 287,Author 62,9780000000287,Cloud Computing,Cloud Press,2011,9,9,English,An introductory book on cloud computing.,https://via.placeholder.com/150?text=Book+287
Fiction Essentials Vol. 288,Author 63,9780000000288,Fiction,Novel House,2012,10,10,English,An introductory book on fiction.,https://via.placeholder.com/150?text=Book+288
History Essentials Vol. 289,Author 64,9780000000289,History,Heritage Press,2013,3,3,English,An introductory book on history.,https://via.placeholder.com/150?text=Book+289
Business Essentials Vol. 290,Author 65,9780000000290,Business,Business Media,2014,4,4,English,An introductory book on business.,https://via.placeholder.com/150?text=Book+290
Programming Essentials Vol. 291,Author 66,9780000000291,Programming,TechPress,2015,5,5,English,An introductory book on programming.,https://via.placeholder.com/150?text=Book+291
AI & Machine Learning Essentials Vol. 292,Author 67,9780000000292,AI & Machine Learning,AI Publications,2016,6,6,English,An introductory book on ai & machine learning.,https://via.placeholder.com/150?text=Book+292
Data Science Essentials Vol. 293,Author 68,9780000000293,Data Science,Data Insights,2017,7,7,English,An introductory book on data science.,https://via.placeholder.com/150?text=Book+293
Web Development Essentials Vol. 294,Author 69,9780000000294,Web Development,Web House,2018,8,8,English,An introductory book on web development.,https://via.placeholder.com/150?text=Book+294
Database Essentials Vol. 295,Author 70,9780000000295,Database,DB World,2019,9,9,English,An introductory book on database.,https://via.placeholder.com/150?text=Book+295
Cyber Security Essentials Vol. 296,Author 71,9780000000296,Cyber Security,Secure Books,2020,10,10,English,An introductory book on cyber security.,https://via.placeholder.com/150?text=Book+296
Cloud Computing Essentials Vol. 297,Author 72,9780000000297,Cloud Computing,Cloud Press,2021,3,3,English,An introductory book on cloud computing.,https://via.placeholder.com/150?text=Book+297
Fiction Essentials Vol. 298,Author 73,9780000000298,Fiction,Novel House,2022,4,4,English,An introductory book on fiction.,https://via.placeholder.com/150?text=Book+298
History Essentials Vol. 299,Author 74,9780000000299,History,Heritage Press,2023,5,5,English,An introductory book on history.,https://via.placeholder.com/150?text=Book+299
Business Essentials Vol. 300,Author 75,9780000000300,Business,Business Media,2024,6,6,English,An introductory book on business.,https://via.placeholder.com/150?text=Book+300
Programming Essentials Vol. 301,Author 1,9780000000301,Programming,TechPress,2000,7,7,English,An introductory book on programming.,https://via.placeholder.com/150?text=Book+301
AI & Machine Learning Essentials Vol. 302,Author 2,9780000000302,AI & Machine Learning,AI Publications,2001,8,8,English,An introductory book on ai & machine learning.,https://via.placeholder.com/150?text=Book+302
Data Science Essentials Vol. 303,Author 3,9780000000303,Data Science,Data Insights,2002,9,9,English,An introductory book on data science.,https://via.placeholder.com/150?text=Book+303
Web Development Essentials Vol. 304,Author 4,9780000000304,Web Development,Web House,2003,10,10,English,An introductory book on web development.,https://via.placeholder.com/150?text=Book+304
Database Essentials Vol. 305,Author 5,9780000000305,Database,DB World,2004,3,3,English,An introductory book on database.,https://via.placeholder.com/150?text=Book+305
Cyber Security Essentials Vol. 306,Author 6,9780000000306,Cyber Security,Secure Books,2005,4,4,English,An introductory book on cyber security.,https://via.placeholder.com/150?text=Book+306
Cloud Computing Essentials Vol. 307,Author 7,9780000000307,Cloud Computing,Cloud Press,2006,5,5,English,An introductory book on cloud computing.,https://via.placeholder.com/150?text=Book+307
Fiction Essentials Vol. 308,Author 8,9780000000308,Fiction,Novel House,2007,6,6,English,An introductory book on fiction.,https://via.placeholder.com/150?text=Book+308
History Essentials Vol. 309,Author 9,9780000000309,History,Heritage Press,2008,7,7,English,An introductory book on history.,https://via.placeholder.com/150?text=Book+309
Business Essentials Vol. 310,Author 10,9780000000310,Business,Business Media,2009,8,8,English,An introductory book on business.,https://via.placeholder.com/150?text=Book+310
Programming Essentials Vol. 311,Author 11,9780000000311,Programming,TechPress,2010,9,9,English,An introductory book on programming.,https://via.placeholder.com/150?text=Book+311
AI & Machine Learning Essentials Vol. 312,Author 12,9780000000312,AI & Machine Learning,AI Publications,2011,10,10,English,An introductory book on ai & machine learning.,https://via.placeholder.com/150?text=Book+312
Data Science Essentials Vol. 313,Author 13,9780000000313,Data Science,Data Insights,2012,3,3,English,An introductory book on data science.,https://via.placeholder.com/150?text=Book+313
Web Development Essentials Vol. 314,Author 14,9780000000314,Web Development,Web House,2013,4,4,English,An introductory book on web development.,https://via.placeholder.com/150?text=Book+314
Database Essentials Vol. 315,Author 15,9780000000315,Database,DB World,2014,5,5,English,An introductory book on database.,https://via.placeholder.com/150?text=Book+315
Cyber Security Essentials Vol. 316,Author 16,9780000000316,Cyber Security,Secure Books,2015,6,6,English,An introductory book on cyber security.,https://via.placeholder.com/150?text=Book+316
Cloud Computing Essentials Vol. 317,Author 17,9780000000317,Cloud Computing,Cloud Press,2016,7,7,English,An introductory book on cloud computing.,https://via.placeholder.com/150?text=Book+317
Fiction Essentials Vol. 318,Author 18,9780000000318,Fiction,Novel House,2017,8,8,English,An introductory book on fiction.,https://via.placeholder.com/150?text=Book+318
History Essentials Vol. 319,Author 19,9780000000319,History,Heritage Press,2018,9,9,English,An introductory book on history.,https://via.placeholder.com/150?text=Book+319
Business Essentials Vol. 320,Author 20,9780000000320,Business,Business Media,2019,10,10,English,An introductory book on business.,https://via.placeholder.com/150?text=Book+320
Programming Essentials Vol. 321,Author 21,9780000000321,Programming,TechPress,2020,3,3,English,An introductory book on programming.,https://via.placeholder.com/150?text=Book+321
AI & Machine Learning Essentials Vol. 322,Author 22,9780000000322,AI & Machine Learning,AI Publications,2021,4,4,English,An introductory book on ai & machine learning.,https://via.placeholder.com/150?text=Book+322
Data Science Essentials Vol. 323,Author 23,9780000000323,Data Science,Data Insights,2022,5,5,English,An introductory book on data science.,https://via.placeholder.com/150?text=Book+323
Web Development Essentials Vol. 324,Author 24,9780000000324,Web Development,Web House,2023,6,6,English,An introductory book on web development.,https://via.placeholder.com/150?text=Book+324
Database Essentials Vol. 325,Author 25,9780000000325,Database,DB World,2024,7,7,English,An introductory book on database.,https://via.placeholder.com/150?text=Book+325
Cyber Security Essentials Vol. 326,Author 26,9780000000326,Cyber Security,Secure Books,2000,8,8,English,An introductory book on cyber security.,https://via.placeholder.com/150?text=Book+326
Cloud Computing Essentials Vol. 327,Author 27,9780000000327,Cloud Computing,Cloud Press,2001,9,9,English,An introductory book on cloud computing.,https://via.placeholder.com/150?text=Book+327
Fiction Essentials Vol. 328,Author 28,9780000000328,Fiction,Novel House,2002,10,10,English,An introductory book on fiction.,https://via.placeholder.com/150?text=Book+328
History Essentials Vol. 329,Author 29,9780000000329,History,Heritage Press,2003,3,3,English,An introductory book on history.,https://via.placeholder.com/150?text=Book+329
Business Essentials Vol. 330,Author 30,9780000000330,Business,Business Media,2004,4,4,English,An introductory book on business.,https://via.placeholder.com/150?text=Book+330
Programming Essentials Vol. 331,Author 31,9780000000331,Programming,TechPress,2005,5,5,English,An introductory book on programming.,https://via.placeholder.com/150?text=Book+331
AI & Machine Learning Essentials Vol. 332,Author 32,9780000000332,AI & Machine Learning,AI Publications,2006,6,6,English,An introductory book on ai & machine learning.,https://via.placeholder.com/150?text=Book+332
Data Science Essentials Vol. 333,Author 33,9780000000333,Data Science,Data Insights,2007,7,7,English,An introductory book on data science.,https://via.placeholder.com/150?text=Book+333
Web Development Essentials Vol. 334,Author 34,9780000000334,Web Development,Web House,2008,8,8,English,An introductory book on web development.,https://via.placeholder.com/150?text=Book+334
Database Essentials Vol. 335,Author 35,9780000000335,Database,DB World,2009,9,9,English,An introductory book on database.,https://via.placeholder.com/150?text=Book+335
Cyber Security Essentials Vol. 336,Author 36,9780000000336,Cyber Security,Secure Books,2010,10,10,English,An introductory book on cyber security.,https://via.placeholder.com/150?text=Book+336
Cloud Computing Essentials Vol. 337,Author 37,9780000000337,Cloud Computing,Cloud Press,2011,3,3,English,An introductory book on cloud computing.,https://via.placeholder.com/150?text=Book+337
Fiction Essentials Vol. 338,Author 38,9780000000338,Fiction,Novel House,2012,4,4,English,An introductory book on fiction.,https://via.placeholder.com/150?text=Book+338
History Essentials Vol. 339,Author 39,9780000000339,History,Heritage Press,2013,5,5,English,An introductory book on history.,https://via.placeholder.com/150?text=Book+339
Business Essentials Vol. 340,Author 40,9780000000340,Business,Business Media,2014,6,6,English,An introductory book on business.,https://via.placeholder.com/150?text=Book+340
Programming Essentials Vol. 341,Author 41,9780000000341,Programming,TechPress,2015,7,7,English,An introductory book on programming.,https://via.placeholder.com/150?text=Book+341
AI & Machine Learning Essentials Vol. 342,Author 42,9780000000342,AI & Machine Learning,AI Publications,2016,8,8,English,An introductory book on ai & machine learning.,https://via.placeholder.com/150?text=Book+342
Data Science Essentials Vol. 343,Author 43,9780000000343,Data Science,Data Insights,2017,9,9,English,An introductory book on data science.,https://via.placeholder.com/150?text=Book+343
Web Development Essentials Vol. 344,Author 44,9780000000344,Web Development,Web House,2018,10,10,English,An introductory book on web development.,https://via.placeholder.com/150?text=Book+344
Database Essentials Vol. 345,Author 45,9780000000345,Database,DB World,2019,3,3,English,An introductory book on database.,https://via.placeholder.com/150?text=Book+345
Cyber Security Essentials Vol. 346,Author 46,9780000000346,Cyber Security,Secure Books,2020,4,4,English,An introductory book on cyber security.,https://via.placeholder.com/150?text=Book+346
Cloud Computing Essentials Vol. 347,Author 47,9780000000347,Cloud Computing,Cloud Press,2021,5,5,English,An introductory book on cloud computing.,https://via.placeholder.com/150?text=Book+347
Fiction Essentials Vol. 348,Author 48,9780000000348,Fiction,Novel House,2022,6,6,English,An introductory book on fiction.,https://via.placeholder.com/150?text=Book+348
History Essentials Vol. 349,Author 49,9780000000349,History,Heritage Press,2023,7,7,English,An introductory book on history.,https://via.placeholder.com/150?text=Book+349
Business Essentials Vol. 350,Author 50,9780000000350,Business,Business Media,2024,8,8,English,An introductory book on business.,https://via.placeholder.com/150?text=Book+350
Programming Essentials Vol. 351,Author 51,9780000000351,Programming,TechPress,2000,9,9,English,An introductory book on programming.,https://via.placeholder.com/150?text=Book+351
AI & Machine Learning Essentials Vol. 352,Author 52,9780000000352,AI & Machine Learning,AI Publications,2001,10,10,English,An introductory book on ai & machine learning.,https://via.placeholder.com/150?text=Book+352
Data Science Essentials Vol. 353,Author 53,9780000000353,Data Science,Data Insights,2002,3,3,English,An introductory book on data science.,https://via.placeholder.com/150?text=Book+353
Web Development Essentials Vol. 354,Author 54,9780000000354,Web Development,Web House,2003,4,4,English,An introductory book on web development.,https://via.placeholder.com/150?text=Book+354
Database Essentials Vol. 355,Author 55,9780000000355,Database,DB World,2004,5,5,English,An introductory book on database.,https://via.placeholder.com/150?text=Book+355
Cyber Security Essentials Vol. 356,Author 56,9780000000356,Cyber Security,Secure Books,2005,6,6,English,An introductory book on cyber security.,https://via.placeholder.com/150?text=Book+356
Cloud Computing Essentials Vol. 357,Author 57,9780000000357,Cloud Computing,Cloud Press,2006,7,7,English,An introductory book on cloud computing.,https://via.placeholder.com/150?text=Book+357
Fiction Essentials Vol. 358,Author 58,9780000000358,Fiction,Novel House,2007,8,8,English,An introductory book on fiction.,https://via.placeholder.com/150?text=Book+358
History Essentials Vol. 359,Author 59,9780000000359,History,Heritage Press,2008,9,9,English,An introductory book on history.,https://via.placeholder.com/150?text=Book+359
Business Essentials Vol. 360,Author 60,9780000000360,Business,Business Media,2009,10,10,English,An introductory book on business.,https://via.placeholder.com/150?text=Book+360
Programming Essentials Vol. 361,Author 61,9780000000361,Programming,TechPress,2010,3,3,English,An introductory book on programming.,https://via.placeholder.com/150?text=Book+361
AI & Machine Learning Essentials Vol. 362,Author 62,9780000000362,AI & Machine Learning,AI Publications,2011,4,4,English,An introductory book on ai & machine learning.,https://via.placeholder.com/150?text=Book+362
Data Science Essentials Vol. 363,Author 63,9780000000363,Data Science,Data Insights,2012,5,5,English,An introductory book on data science.,https://via.placeholder.com/150?text=Book+363
Web Development Essentials Vol. 364,Author 64,9780000000364,Web Development,Web House,2013,6,6,English,An introductory book on web development.,https://via.placeholder.com/150?text=Book+364
Database Essentials Vol. 365,Author 65,9780000000365,Database,DB World,2014,7,7,English,An introductory book on database.,https://via.placeholder.com/150?text=Book+365
Cyber Security Essentials Vol. 366,Author 66,9780000000366,Cyber Security,Secure Books,2015,8,8,English,An introductory book on cyber security.,https://via.placeholder.com/150?text=Book+366
Cloud Computing Essentials Vol. 367,Author 67,9780000000367,Cloud Computing,Cloud Press,2016,9,9,English,An introductory book on cloud computing.,https://via.placeholder.com/150?text=Book+367
Fiction Essentials Vol. 368,Author 68,9780000000368,Fiction,Novel House,2017,10,10,English,An introductory book on fiction.,https://via.placeholder.com/150?text=Book+368
History Essentials Vol. 369,Author 69,9780000000369,History,Heritage Press,2018,3,3,English,An introductory book on history.,https://via.placeholder.com/150?text=Book+369
Business Essentials Vol. 370,Author 70,9780000000370,Business,Business Media,2019,4,4,English,An introductory book on business.,https://via.placeholder.com/150?text=Book+370
Programming Essentials Vol. 371,Author 71,9780000000371,Programming,TechPress,2020,5,5,English,An introductory book on programming.,https://via.placeholder.com/150?text=Book+371
AI & Machine Learning Essentials Vol. 372,Author 72,9780000000372,AI & Machine Learning,AI Publications,2021,6,6,English,An introductory book on ai & machine learning.,https://via.placeholder.com/150?text=Book+372
Data Science Essentials Vol. 373,Author 73,9780000000373,Data Science,Data Insights,2022,7,7,English,An introductory book on data science.,https://via.placeholder.com/150?text=Book+373
Web Development Essentials Vol. 374,Author 74,9780000000374,Web Development,Web House,2023,8,8,English,An introductory book on web development.,https://via.placeholder.com/150?text=Book+374
Database Essentials Vol. 375,Author 75,9780000000375,Database,DB World,2024,9,9,English,An introductory book on database.,https://via.placeholder.com/150?text=Book+375
Cyber Security Essentials Vol. 376,Author 1,9780000000376,Cyber Security,Secure Books,2000,10,10,English,An introductory book on cyber security.,https://via.placeholder.com/150?text=Book+376
Cloud Computing Essentials Vol. 377,Author 2,9780000000377,Cloud Computing,Cloud Press,2001,3,3,English,An introductory book on cloud computing.,https://via.placeholder.com/150?text=Book+377
Fiction Essentials Vol. 378,Author 3,9780000000378,Fiction,Novel House,2002,4,4,English,An introductory book on fiction.,https://via.placeholder.com/150?text=Book+378
History Essentials Vol. 379,Author 4,9780000000379,History,Heritage Press,2003,5,5,English,An introductory book on history.,https://via.placeholder.com/150?text=Book+379
Business Essentials Vol. 380,Author 5,9780000000380,Business,Business Media,2004,6,6,English,An introductory book on business.,https://via.placeholder.com/150?text=Book+380
Programming Essentials Vol. 381,Author 6,9780000000381,Programming,TechPress,2005,7,7,English,An introductory book on programming.,https://via.placeholder.com/150?text=Book+381
AI & Machine Learning Essentials Vol. 382,Author 7,9780000000382,AI & Machine Learning,AI Publications,2006,8,8,English,An introductory book on ai & machine learning.,https://via.placeholder.com/150?text=Book+382
Data Science Essentials Vol. 383,Author 8,9780000000383,Data Science,Data Insights,2007,9,9,English,An introductory book on data science.,https://via.placeholder.com/150?text=Book+383
Web Development Essentials Vol. 384,Author 9,9780000000384,Web Development,Web House,2008,10,10,English,An introductory book on web development.,https://via.placeholder.com/150?text=Book+384
Database Essentials Vol. 385,Author 10,9780000000385,Database,DB World,2009,3,3,English,An introductory book on database.,https://via.placeholder.com/150?text=Book+385
Cyber Security Essentials Vol. 386,Author 11,9780000000386,Cyber Security,Secure Books,2010,4,4,English,An introductory book on cyber security.,https://via.placeholder.com/150?text=Book+386
Cloud Computing Essentials Vol. 387,Author 12,9780000000387,Cloud Computing,Cloud Press,2011,5,5,English,An introductory book on cloud computing.,https://via.placeholder.com/150?text=Book+387
Fiction Essentials Vol. 388,Author 13,9780000000388,Fiction,Novel House,2012,6,6,English,An introductory book on fiction.,https://via.placeholder.com/150?text=Book+388
History Essentials Vol. 389,Author 14,9780000000389,History,Heritage Press,2013,7,7,English,An introductory book on history.,https://via.placeholder.com/150?text=Book+389
Business Essentials Vol. 390,Author 15,9780000000390,Business,Business Media,2014,8,8,English,An introductory book on business.,https://via.placeholder.com/150?text=Book+390
Programming Essentials Vol. 391,Author 16,9780000000391,Programming,TechPress,2015,9,9,English,An introductory book on programming.,https://via.placeholder.com/150?text=Book+391
AI & Machine Learning Essentials Vol. 392,Author 17,9780000000392,AI & Machine Learning,AI Publications,2016,10,10,English,An introductory book on ai & machine learning.,https://via.placeholder.com/150?text=Book+392
Data Science Essentials Vol. 393,Author 18,9780000000393,Data Science,Data Insights,2017,3,3,English,An introductory book on data science.,https://via.placeholder.com/150?text=Book+393
Web Development Essentials Vol. 394,Author 19,9780000000394,Web Development,Web House,2018,4,4,English,An introductory book on web development.,https://via.placeholder.com/150?text=Book+394
Database Essentials Vol. 395,Author 20,9780000000395,Database,DB World,2019,5,5,English,An introductory book on database.,https://via.placeholder.com/150?text=Book+395
Cyber Security Essentials Vol. 396,Author 21,9780000000396,Cyber Security,Secure Books,2020,6,6,English,An introductory book on cyber security.,https://via.placeholder.com/150?text=Book+396
Cloud Computing Essentials Vol. 397,Author 22,9780000000397,Cloud Computing,Cloud Press,2021,7,7,English,An introductory book on cloud computing.,https://via.placeholder.com/150?text=Book+397
Fiction Essentials Vol. 398,Author 23,9780000000398,Fiction,Novel House,2022,8,8,English,An introductory book on fiction.,https://via.placeholder.com/150?text=Book+398
History Essentials Vol. 399,Author 24,9780000000399,History,Heritage Press,2023,9,9,English,An introductory book on history.,https://via.placeholder.com/150?text=Book+399
Business Essentials Vol. 400,Author 25,9780000000400,Business,Business Media,2024,10,10,English,An introductory book on business.,https://via.placeholder.com/150?text=Book+400
Programming Essentials Vol. 401,Author 26,9780000000401,Programming,TechPress,2000,3,3,English,An introductory book on programming.,https://via.placeholder.com/150?text=Book+401
AI & Machine Learning Essentials Vol. 402,Author 27,9780000000402,AI & Machine Learning,AI Publications,2001,4,4,English,An introductory book on ai & machine learning.,https://via.placeholder.com/150?text=Book+402
Data Science Essentials Vol. 403,Author 28,9780000000403,Data Science,Data Insights,2002,5,5,English,An introductory book on data science.,https://via.placeholder.com/150?text=Book+403
Web Development Essentials Vol. 404,Author 29,9780000000404,Web Development,Web House,2003,6,6,English,An introductory book on web development.,https://via.placeholder.com/150?text=Book+404
Database Essentials Vol. 405,Author 30,9780000000405,Database,DB World,2004,7,7,English,An introductory book on database.,https://via.placeholder.com/150?text=Book+405
Cyber Security Essentials Vol. 406,Author 31,9780000000406,Cyber Security,Secure Books,2005,8,8,English,An introductory book on cyber security.,https://via.placeholder.com/150?text=Book+406
Cloud Computing Essentials Vol. 407,Author 32,9780000000407,Cloud Computing,Cloud Press,2006,9,9,English,An introductory book on cloud computing.,https://via.placeholder.com/150?text=Book+407
Fiction Essentials Vol. 408,Author 33,9780000000408,Fiction,Novel House,2007,10,10,English,An introductory book on fiction.,https://via.placeholder.com/150?text=Book+408
History Essentials Vol. 409,Author 34,9780000000409,History,Heritage Press,2008,3,3,English,An introductory book on history.,https://via.placeholder.com/150?text=Book+409
Business Essentials Vol. 410,Author 35,9780000000410,Business,Business Media,2009,4,4,English,An introductory book on business.,https://via.placeholder.com/150?text=Book+410
Programming Essentials Vol. 411,Author 36,9780000000411,Programming,TechPress,2010,5,5,English,An introductory book on programming.,https://via.placeholder.com/150?text=Book+411
AI & Machine Learning Essentials Vol. 412,Author 37,9780000000412,AI & Machine Learning,AI Publications,2011,6,6,English,An introductory book on ai & machine learning.,https://via.placeholder.com/150?text=Book+412
Data Science Essentials Vol. 413,Author 38,9780000000413,Data Science,Data Insights,2012,7,7,English,An introductory book on data science.,https://via.placeholder.com/150?text=Book+413
Web Development Essentials Vol. 414,Author 39,9780000000414,Web Development,Web House,2013,8,8,English,An introductory book on web development.,https://via.placeholder.com/150?text=Book+414
Database Essentials Vol. 415,Author 40,9780000000415,Database,DB World,2014,9,9,English,An introductory book on database.,https://via.placeholder.com/150?text=Book+415
Cyber Security Essentials Vol. 416,Author 41,9780000000416,Cyber Security,Secure Books,2015,10,10,English,An introductory book on cyber security.,https://via.placeholder.com/150?text=Book+416
Cloud Computing Essentials Vol. 417,Author 42,9780000000417,Cloud Computing,Cloud Press,2016,3,3,English,An introductory book on cloud computing.,https://via.placeholder.com/150?text=Book+417
Fiction Essentials Vol. 418,Author 43,9780000000418,Fiction,Novel House,2017,4,4,English,An introductory book on fiction.,https://via.placeholder.com/150?text=Book+418
History Essentials Vol. 419,Author 44,9780000000419,History,Heritage Press,2018,5,5,English,An introductory book on history.,https://via.placeholder.com/150?text=Book+419
Business Essentials Vol. 420,Author 45,9780000000420,Business,Business Media,2019,6,6,English,An introductory book on business.,https://via.placeholder.com/150?text=Book+420
Programming Essentials Vol. 421,Author 46,9780000000421,Programming,TechPress,2020,7,7,English,An introductory book on programming.,https://via.placeholder.com/150?text=Book+421
AI & Machine Learning Essentials Vol. 422,Author 47,9780000000422,AI & Machine Learning,AI Publications,2021,8,8,English,An introductory book on ai & machine learning.,https://via.placeholder.com/150?text=Book+422
Data Science Essentials Vol. 423,Author 48,9780000000423,Data Science,Data Insights,2022,9,9,English,An introductory book on data science.,https://via.placeholder.com/150?text=Book+423
Web Development Essentials Vol. 424,Author 49,9780000000424,Web Development,Web House,2023,10,10,English,An introductory book on web development.,https://via.placeholder.com/150?text=Book+424
Database Essentials Vol. 425,Author 50,9780000000425,Database,DB World,2024,3,3,English,An introductory book on database.,https://via.placeholder.com/150?text=Book+425
Cyber Security Essentials Vol. 426,Author 51,9780000000426,Cyber Security,Secure Books,2000,4,4,English,An introductory book on cyber security.,https://via.placeholder.com/150?text=Book+426
Cloud Computing Essentials Vol. 427,Author 52,9780000000427,Cloud Computing,Cloud Press,2001,5,5,English,An introductory book on cloud computing.,https://via.placeholder.com/150?text=Book+427
Fiction Essentials Vol. 428,Author 53,9780000000428,Fiction,Novel House,2002,6,6,English,An introductory book on fiction.,https://via.placeholder.com/150?text=Book+428
History Essentials Vol. 429,Author 54,9780000000429,History,Heritage Press,2003,7,7,English,An introductory book on history.,https://via.placeholder.com/150?text=Book+429
Business Essentials Vol. 430,Author 55,9780000000430,Business,Business Media,2004,8,8,English,An introductory book on business.,https://via.placeholder.com/150?text=Book+430
Programming Essentials Vol. 431,Author 56,9780000000431,Programming,TechPress,2005,9,9,English,An introductory book on programming.,https://via.placeholder.com/150?text=Book+431
AI & Machine Learning Essentials Vol. 432,Author 57,9780000000432,AI & Machine Learning,AI Publications,2006,10,10,English,An introductory book on ai & machine learning.,https://via.placeholder.com/150?text=Book+432
Data Science Essentials Vol. 433,Author 58,9780000000433,Data Science,Data Insights,2007,3,3,English,An introductory book on data science.,https://via.placeholder.com/150?text=Book+433
Web Development Essentials Vol. 434,Author 59,9780000000434,Web Development,Web House,2008,4,4,English,An introductory book on web development.,https://via.placeholder.com/150?text=Book+434
Database Essentials Vol. 435,Author 60,9780000000435,Database,DB World,2009,5,5,English,An introductory book on database.,https://via.placeholder.com/150?text=Book+435
Cyber Security Essentials Vol. 436,Author 61,9780000000436,Cyber Security,Secure Books,2010,6,6,English,An introductory book on cyber security.,https://via.placeholder.com/150?text=Book+436
Cloud Computing Essentials Vol. 437,Author 62,9780000000437,Cloud Computing,Cloud Press,2011,7,7,English,An introductory book on cloud computing.,https://via.placeholder.com/150?text=Book+437
Fiction Essentials Vol. 438,Author 63,9780000000438,Fiction,Novel House,2012,8,8,English,An introductory book on fiction.,https://via.placeholder.com/150?text=Book+438
History Essentials Vol. 439,Author 64,9780000000439,History,Heritage Press,2013,9,9,English,An introductory book on history.,https://via.placeholder.com/150?text=Book+439
Business Essentials Vol. 440,Author 65,9780000000440,Business,Business Media,2014,10,10,English,An introductory book on business.,https://via.placeholder.com/150?text=Book+440
Programming Essentials Vol. 441,Author 66,9780000000441,Programming,TechPress,2015,3,3,English,An introductory book on programming.,https://via.placeholder.com/150?text=Book+441
AI & Machine Learning Essentials Vol. 442,Author 67,9780000000442,AI & Machine Learning,AI Publications,2016,4,4,English,An introductory book on ai & machine learning.,https://via.placeholder.com/150?text=Book+442
Data Science Essentials Vol. 443,Author 68,9780000000443,Data Science,Data Insights,2017,5,5,English,An introductory book on data science.,https://via.placeholder.com/150?text=Book+443
Web Development Essentials Vol. 444,Author 69,9780000000444,Web Development,Web House,2018,6,6,English,An introductory book on web development.,https://via.placeholder.com/150?text=Book+444
Database Essentials Vol. 445,Author 70,9780000000445,Database,DB World,2019,7,7,English,An introductory book on database.,https://via.placeholder.com/150?text=Book+445
Cyber Security Essentials Vol. 446,Author 71,9780000000446,Cyber Security,Secure Books,2020,8,8,English,An introductory book on cyber security.,https://via.placeholder.com/150?text=Book+446
Cloud Computing Essentials Vol. 447,Author 72,9780000000447,Cloud Computing,Cloud Press,2021,9,9,English,An introductory book on cloud computing.,https://via.placeholder.com/150?text=Book+447
Fiction Essentials Vol. 448,Author 73,9780000000448,Fiction,Novel House,2022,10,10,English,An introductory book on fiction.,https://via.placeholder.com/150?text=Book+448
History Essentials Vol. 449,Author 74,9780000000449,History,Heritage Press,2023,3,3,English,An introductory book on history.,https://via.placeholder.com/150?text=Book+449
Business Essentials Vol. 450,Author 75,9780000000450,Business,Business Media,2024,4,4,English,An introductory book on business.,https://via.placeholder.com/150?text=Book+450
Programming Essentials Vol. 451,Author 1,9780000000451,Programming,TechPress,2000,5,5,English,An introductory book on programming.,https://via.placeholder.com/150?text=Book+451
AI & Machine Learning Essentials Vol. 452,Author 2,9780000000452,AI & Machine Learning,AI Publications,2001,6,6,English,An introductory book on ai & machine learning.,https://via.placeholder.com/150?text=Book+452
Data Science Essentials Vol. 453,Author 3,9780000000453,Data Science,Data Insights,2002,7,7,English,An introductory book on data science.,https://via.placeholder.com/150?text=Book+453
Web Development Essentials Vol. 454,Author 4,9780000000454,Web Development,Web House,2003,8,8,English,An introductory book on web development.,https://via.placeholder.com/150?text=Book+454
Database Essentials Vol. 455,Author 5,9780000000455,Database,DB World,2004,9,9,English,An introductory book on database.,https://via.placeholder.com/150?text=Book+455
Cyber Security Essentials Vol. 456,Author 6,9780000000456,Cyber Security,Secure Books,2005,10,10,English,An introductory book on cyber security.,https://via.placeholder.com/150?text=Book+456
Cloud Computing Essentials Vol. 457,Author 7,9780000000457,Cloud Computing,Cloud Press,2006,3,3,English,An introductory book on cloud computing.,https://via.placeholder.com/150?text=Book+457
Fiction Essentials Vol. 458,Author 8,9780000000458,Fiction,Novel House,2007,4,4,English,An introductory book on fiction.,https://via.placeholder.com/150?text=Book+458
History Essentials Vol. 459,Author 9,9780000000459,History,Heritage Press,2008,5,5,English,An introductory book on history.,https://via.placeholder.com/150?text=Book+459
Business Essentials Vol. 460,Author 10,9780000000460,Business,Business Media,2009,6,6,English,An introductory book on business.,https://via.placeholder.com/150?text=Book+460
Programming Essentials Vol. 461,Author 11,9780000000461,Programming,TechPress,2010,7,7,English,An introductory book on programming.,https://via.placeholder.com/150?text=Book+461
AI & Machine Learning Essentials Vol. 462,Author 12,9780000000462,AI & Machine Learning,AI Publications,2011,8,8,English,An introductory book on ai & machine learning.,https://via.placeholder.com/150?text=Book+462
Data Science Essentials Vol. 463,Author 13,9780000000463,Data Science,Data Insights,2012,9,9,English,An introductory book on data science.,https://via.placeholder.com/150?text=Book+463
Web Development Essentials Vol. 464,Author 14,9780000000464,Web Development,Web House,2013,10,10,English,An introductory book on web development.,https://via.placeholder.com/150?text=Book+464
Database Essentials Vol. 465,Author 15,9780000000465,Database,DB World,2014,3,3,English,An introductory book on database.,https://via.placeholder.com/150?text=Book+465
Cyber Security Essentials Vol. 466,Author 16,9780000000466,Cyber Security,Secure Books,2015,4,4,English,An introductory book on cyber security.,https://via.placeholder.com/150?text=Book+466
Cloud Computing Essentials Vol. 467,Author 17,9780000000467,Cloud Computing,Cloud Press,2016,5,5,English,An introductory book on cloud computing.,https://via.placeholder.com/150?text=Book+467
Fiction Essentials Vol. 468,Author 18,9780000000468,Fiction,Novel House,2017,6,6,English,An introductory book on fiction.,https://via.placeholder.com/150?text=Book+468
History Essentials Vol. 469,Author 19,9780000000469,History,Heritage Press,2018,7,7,English,An introductory book on history.,https://via.placeholder.com/150?text=Book+469
Business Essentials Vol. 470,Author 20,9780000000470,Business,Business Media,2019,8,8,English,An introductory book on business.,https://via.placeholder.com/150?text=Book+470
Programming Essentials Vol. 471,Author 21,9780000000471,Programming,TechPress,2020,9,9,English,An introductory book on programming.,https://via.placeholder.com/150?text=Book+471
AI & Machine Learning Essentials Vol. 472,Author 22,9780000000472,AI & Machine Learning,AI Publications,2021,10,10,English,An introductory book on ai & machine learning.,https://via.placeholder.com/150?text=Book+472
Data Science Essentials Vol. 473,Author 23,9780000000473,Data Science,Data Insights,2022,3,3,English,An introductory book on data science.,https://via.placeholder.com/150?text=Book+473
Web Development Essentials Vol. 474,Author 24,9780000000474,Web Development,Web House,2023,4,4,English,An introductory book on web development.,https://via.placeholder.com/150?text=Book+474
Database Essentials Vol. 475,Author 25,9780000000475,Database,DB World,2024,5,5,English,An introductory book on database.,https://via.placeholder.com/150?text=Book+475
Cyber Security Essentials Vol. 476,Author 26,9780000000476,Cyber Security,Secure Books,2000,6,6,English,An introductory book on cyber security.,https://via.placeholder.com/150?text=Book+476
Cloud Computing Essentials Vol. 477,Author 27,9780000000477,Cloud Computing,Cloud Press,2001,7,7,English,An introductory book on cloud computing.,https://via.placeholder.com/150?text=Book+477
Fiction Essentials Vol. 478,Author 28,9780000000478,Fiction,Novel House,2002,8,8,English,An introductory book on fiction.,https://via.placeholder.com/150?text=Book+478
History Essentials Vol. 479,Author 29,9780000000479,History,Heritage Press,2003,9,9,English,An introductory book on history.,https://via.placeholder.com/150?text=Book+479
Business Essentials Vol. 480,Author 30,9780000000480,Business,Business Media,2004,10,10,English,An introductory book on business.,https://via.placeholder.com/150?text=Book+480
Programming Essentials Vol. 481,Author 31,9780000000481,Programming,TechPress,2005,3,3,English,An introductory book on programming.,https://via.placeholder.com/150?text=Book+481
AI & Machine Learning Essentials Vol. 482,Author 32,9780000000482,AI & Machine Learning,AI Publications,2006,4,4,English,An introductory book on ai & machine learning.,https://via.placeholder.com/150?text=Book+482
Data Science Essentials Vol. 483,Author 33,9780000000483,Data Science,Data Insights,2007,5,5,English,An introductory book on data science.,https://via.placeholder.com/150?text=Book+483
Web Development Essentials Vol. 484,Author 34,9780000000484,Web Development,Web House,2008,6,6,English,An introductory book on web development.,https://via.placeholder.com/150?text=Book+484
Database Essentials Vol. 485,Author 35,9780000000485,Database,DB World,2009,7,7,English,An introductory book on database.,https://via.placeholder.com/150?text=Book+485
Cyber Security Essentials Vol. 486,Author 36,9780000000486,Cyber Security,Secure Books,2010,8,8,English,An introductory book on cyber security.,https://via.placeholder.com/150?text=Book+486
Cloud Computing Essentials Vol. 487,Author 37,9780000000487,Cloud Computing,Cloud Press,2011,9,9,English,An introductory book on cloud computing.,https://via.placeholder.com/150?text=Book+487
Fiction Essentials Vol. 488,Author 38,9780000000488,Fiction,Novel House,2012,10,10,English,An introductory book on fiction.,https://via.placeholder.com/150?text=Book+488
History Essentials Vol. 489,Author 39,9780000000489,History,Heritage Press,2013,3,3,English,An introductory book on history.,https://via.placeholder.com/150?text=Book+489
Business Essentials Vol. 490,Author 40,9780000000490,Business,Business Media,2014,4,4,English,An introductory book on business.,https://via.placeholder.com/150?text=Book+490
Programming Essentials Vol. 491,Author 41,9780000000491,Programming,TechPress,2015,5,5,English,An introductory book on programming.,https://via.placeholder.com/150?text=Book+491
AI & Machine Learning Essentials Vol. 492,Author 42,9780000000492,AI & Machine Learning,AI Publications,2016,6,6,English,An introductory book on ai & machine learning.,https://via.placeholder.com/150?text=Book+492
Data Science Essentials Vol. 493,Author 43,9780000000493,Data Science,Data Insights,2017,7,7,English,An introductory book on data science.,https://via.placeholder.com/150?text=Book+493
Web Development Essentials Vol. 494,Author 44,9780000000494,Web Development,Web House,2018,8,8,English,An introductory book on web development.,https://via.placeholder.com/150?text=Book+494
Database Essentials Vol. 495,Author 45,9780000000495,Database,DB World,2019,9,9,English,An introductory book on database.,https://via.placeholder.com/150?text=Book+495
Cyber Security Essentials Vol. 496,Author 46,9780000000496,Cyber Security,Secure Books,2020,10,10,English,An introductory book on cyber security.,https://via.placeholder.com/150?text=Book+496
Cloud Computing Essentials Vol. 497,Author 47,9780000000497,Cloud Computing,Cloud Press,2021,3,3,English,An introductory book on cloud computing.,https://via.placeholder.com/150?text=Book+497
Fiction Essentials Vol. 498,Author 48,9780000000498,Fiction,Novel House,2022,4,4,English,An introductory book on fiction.,https://via.placeholder.com/150?text=Book+498
History Essentials Vol. 499,Author 49,9780000000499,History,Heritage Press,2023,5,5,English,An introductory book on history.,https://via.placeholder.com/150?text=Book+499
Business Essentials Vol. 500,Author 50,9780000000500,Business,Business Media,2024,6,6,English,An introductory book on business.,https://via.placeholder.com/150?text=Book+500
